-- ============================================
-- MySQL → Supabase 데이터 이전
-- Supabase SQL Editor에서 실행하세요
-- ============================================

-- 1. users
INSERT INTO users (id, email) VALUES
  (1, 'admin@mystock.local'),
  (2, 'keunho@stocky.local');

-- SERIAL 시퀀스를 현재 max id 이후로 조정
SELECT setval('users_id_seq', (SELECT MAX(id) FROM users));

-- 2. investments
INSERT INTO investments (id, user_id, name, ticker, category, quantity, avg_price, currency) VALUES
  (1,  1, '애플',             'AAPL',      '미국주식', 550,        192.53,     'USD'),
  (2,  1, '테슬라',           'TSLA',      '미국주식', 1200,       208.33,     'USD'),
  (3,  1, '메타',             'META',      '미국주식', 200,        425.53,     'USD'),
  (4,  1, '비트코인',         'BTC-USD',   '코인',     0.5,        70921.98,   'USD'),
  (5,  1, '삼성전자',         '005930.KS', '코스피',   100,        200000.00,  'KRW'),
  (6,  1, '리플',             'XRP-USD',   '코인',     1000,       1.50,       'USD'),
  (8,  1, '네이버',           '035420.KS', '코스피',   24,         224000.00,  'KRW'),
  (9,  1, '현대차',           '005380.KS', '코스피',   100,        342000.00,  'KRW'),
  (10, 2, '비트코인',         'BTC-USD',   '코인',     0.9,        54900.00,   'USD'),
  (11, 1, '마이크론테크놀로지', 'MU',        '미국주식', 3,          425.00,     'USD'),
  (12, 1, 'QLD',              'QLD',       '미국주식', 300,        65.60,      'USD');

SELECT setval('investments_id_seq', (SELECT MAX(id) FROM investments));

-- 3. dca_entries
INSERT INTO dca_entries (id, user_id, stock_name, ticker, target_quantity, purchase_date, amount, quantity) VALUES
  (1,  1, 'QLD ETF',           'QLD',       1000, '2026-03-05', 210.00,    3.0000),
  (2,  1, 'QLD ETF',           'QLD',       1000, '2026-03-01', 420.00,    7.0000),
  (4,  2, '마이크론 테크놀로지', 'MU',        20,   '2026-03-04', 395.00,    1.0000),
  (5,  2, '마이크론 테크놀로지', 'MU',        20,   '2026-03-11', 410.00,    1.0000),
  (6,  2, '마이크론 테크놀로지', 'MU',        20,   '2026-03-17', 425.00,    1.0000),
  (7,  1, 'QLD ETF',           'QLD',       1000, '2026-03-02', 4540.00,   60.0000),
  (9,  1, 'QLD ETF',           'QLD',       1000, '2026-03-12', 650.00,    10.0000),
  (10, 1, 'SCHD',              'SCHD',      2000, '2026-03-02', 3100.00,   100.0000),
  (11, 1, 'SCHD',              'SCHD',      2000, '2026-03-09', 1560.00,   50.0000),
  (12, 1, 'SCHD',              'SCHD',      2000, '2026-03-11', 1780.00,   50.0000),
  (13, 1, 'NAVER',             '035420.KS', 100,  '2026-03-04', 210000.00, 1.0000),
  (14, 1, 'NAVER',             '035420.KS', 100,  '2026-03-11', 432000.00, 2.0000),
  (15, 1, 'QLD ETF',           'QLD',       1000, '2026-02-19', 500.00,    10.0000),
  (16, 1, 'QLD ETF',           'QLD',       1000, '2026-03-13', 320.00,    5.0000),
  (17, 1, 'QLD ETF',           'QLD',       1000, '2026-03-14', 420.00,    7.0000),
  (18, 1, 'QLD ETF',           'QLD',       1000, '2026-03-15', 600.00,    11.0000),
  (19, 1, 'QLD ETF',           'QLD',       1000, '2026-03-16', 350.00,    7.0000),
  (20, 1, 'QLD ETF',           'QLD',       1000, '2026-03-17', 420.00,    8.0000),
  (21, 1, 'QLD ETF',           'QLD',       1000, '2026-03-18', 390.00,    8.0000),
  (22, 1, 'QLD ETF',           'QLD',       1000, '2026-03-19', 380.00,    8.0000);

SELECT setval('dca_entries_id_seq', (SELECT MAX(id) FROM dca_entries));
